id,name,price,image_url,category,stock,archivado,created_at,description,personalizable,image_urls,subcategory,descuento_porcentaje,price_cash,destacado
021f8114-943e-4eb8-b560-ab15e23a7955,Bombillon premium,38600,https://uicjdiexhsdgikgkpfxd.supabase.co/storage/v1/object/public/productos/1786237905164_IMG_2166.jpeg,BOMBILLONES,2,false,2026-08-09 01:11:49.829439+00,Bombillon de alpaca y bronce,false,"[""https://uicjdiexhsdgikgkpfxd.supabase.co/storage/v1/object/public/productos/1786237907774_IMG_2165.jpeg""]",ALPACA,0,30900,false
035e3c25-48d0-4e7f-bc09-67f891dd93ca,Termo de acero inoxidable,25300,https://uicjdiexhsdgikgkpfxd.supabase.co/storage/v1/object/public/productos/1785706487213_IMG_1837.webp,TERMOS,4,false,2026-08-02 21:34:49.509759+00,Termo de acero con pico cebador de 1lts,false,"[""https://uicjdiexhsdgikgkpfxd.supabase.co/storage/v1/object/public/productos/1785706487629_IMG_1838.webp""]",ACERO INOXIDABLE,0,20250,false
0c8dd484-167b-48e0-b9fa-fe6e47c51e9c,Canasta de eco cuero,17300,https://uicjdiexhsdgikgkpfxd.supabase.co/storage/v1/object/public/productos/1786237441120_IMG_2197.jpeg,CANASTAS,10,false,2026-08-09 01:04:05.056093+00,,false,"[""https://uicjdiexhsdgikgkpfxd.supabase.co/storage/v1/object/public/productos/1786237443715_IMG_2198.jpeg""]",ECOCUERO,0,13840,false
1212c3e1-d0a5-4216-90fa-0bca9b456ab4,Torpedo criollo,46650,https://uicjdiexhsdgikgkpfxd.supabase.co/storage/v1/object/public/productos/1786644484364_IMG_2122.jpeg,MATES,1,false,2026-08-13 18:08:08.875198+00,,false,"[""https://uicjdiexhsdgikgkpfxd.supabase.co/storage/v1/object/public/productos/1786644487357_IMG_2123.jpeg""]",TORPEDOS,0,37300,true
134b3e84-6044-47db-87e1-ccff4419e42b,Imperial algarrobo,34500,https://uicjdiexhsdgikgkpfxd.supabase.co/storage/v1/object/public/productos/1785560241288_IMG_0707.webp,Mates,2,false,2026-08-01 04:57:23.296786+00,"Imperial de algarrobo,virola de alpaca con dije de bronce sol de mayo",false,"[""https://uicjdiexhsdgikgkpfxd.supabase.co/storage/v1/object/public/productos/1785560242263_IMG_0709.webp""]",Algarrobos,0,27500,false
1623f1e9-2e89-4387-ac40-e083d45c007c,Kit de latas,9300,https://uicjdiexhsdgikgkpfxd.supabase.co/storage/v1/object/public/productos/1786310125915_IMG_2161.jpeg,ACCESORIOS,3,false,2026-08-09 21:15:28.415941+00,,false,[],,0,7450,false
194ab98e-73a2-48f4-86f5-7573bbe52dd0,Imperial algarrobo,36000,https://uicjdiexhsdgikgkpfxd.supabase.co/storage/v1/object/public/productos/1786315174087_IMG_2140.jpeg,MATES,1,false,2026-08-09 22:39:39.155599+00,"Imperial de algarrobo, virola y base de alpaca",true,"[""https://uicjdiexhsdgikgkpfxd.supabase.co/storage/v1/object/public/productos/1786315176933_IMG_2139.jpeg"", ""https://uicjdiexhsdgikgkpfxd.supabase.co/storage/v1/object/public/productos/1786315177722_IMG_2141.jpeg""]",,0,28800,false
1a456831-c71e-47ac-92db-36144f1ef4f2,Imperial,39850,https://uicjdiexhsdgikgkpfxd.supabase.co/storage/v1/object/public/productos/1786313492775_IMG_2066.jpeg,MATES,1,false,2026-08-09 22:11:37.923327+00,"Imperial de calabaza, virola cincelada inventada ",false,"[""https://uicjdiexhsdgikgkpfxd.supabase.co/storage/v1/object/public/productos/1786313495527_IMG_2068.jpeg"", ""https://uicjdiexhsdgikgkpfxd.supabase.co/storage/v1/object/public/productos/1786313496468_IMG_2067.jpeg""]",IMPERIALES,0,31850,false
1d674cc5-0c99-4c14-80d0-5d06f76eeb0a,Canarias x500gr,8650,https://uicjdiexhsdgikgkpfxd.supabase.co/storage/v1/object/public/productos/1785261503631_IMG_0782.webp,YERBAS,2,false,2026-07-28 17:58:27.199139+00,,false,[],CANARIAS,0,6920,false
212b84f7-840b-4f2d-a504-5f72e0eb5da0,Barao x1kg,12500,https://uicjdiexhsdgikgkpfxd.supabase.co/storage/v1/object/public/productos/1785260481241_IMG_0773.webp,YERBAS,3,false,2026-07-28 17:41:24.066805+00,,false,[],BARAO,0,10100,false
225d187a-4279-4196-a897-e465fc7d5852,Camionero Algarrobo,18600,https://uicjdiexhsdgikgkpfxd.supabase.co/storage/v1/object/public/productos/1785273170128_IMG_0757.webp,MATES,3,false,2026-07-28 21:12:53.545729+00,"Camionero algarrobo laqueado,virola de acero",true,"[""https://uicjdiexhsdgikgkpfxd.supabase.co/storage/v1/object/public/productos/IMG_0758.webp""]",ALGARROBOS,0,14900,false
25456b11-87b8-49c6-acfd-fb041be34f6a,Imperial algarrobo,37300,https://uicjdiexhsdgikgkpfxd.supabase.co/storage/v1/object/public/productos/1786310711105_IMG_2140.jpeg,MATES,1,false,2026-08-09 21:25:15.892772+00,"Imperial de algarrobo, virola de alpaca con base de alpaca ",true,"[""https://uicjdiexhsdgikgkpfxd.supabase.co/storage/v1/object/public/productos/1786310713404_IMG_2141.jpeg"", ""https://uicjdiexhsdgikgkpfxd.supabase.co/storage/v1/object/public/productos/1786310714207_IMG_2139.jpeg""]",ALGARROBOS,0,29800,false
25c1356d-1f40-44da-b280-9d308b389314,Canastas  de cuero,42500,https://uicjdiexhsdgikgkpfxd.supabase.co/storage/v1/object/public/productos/1786236894097_IMG_2212.jpeg,CANASTAS,1,false,2026-08-09 00:54:59.561994+00,,false,"[""https://uicjdiexhsdgikgkpfxd.supabase.co/storage/v1/object/public/productos/1786236896834_IMG_2213.jpeg"", ""https://uicjdiexhsdgikgkpfxd.supabase.co/storage/v1/object/public/productos/1786236897943_IMG_2214.jpeg""]",CUERO,0,34100,false
272e0683-a994-4f0d-af48-cba4499b5542,Baldo x1kg,15700,https://uicjdiexhsdgikgkpfxd.supabase.co/storage/v1/object/public/productos/1785273567120_IMG_0780.webp,YERBAS,10,false,2026-07-28 21:19:30.743551+00,,false,[],BALDO,0,12500,true
295f6729-db51-47f3-a14b-befdf08d803b,Imperial Negro de Boca Jrs,48000,https://uicjdiexhsdgikgkpfxd.supabase.co/storage/v1/object/public/productos/1785706807558_IMG_1797.webp,MATES,1,false,2026-08-02 21:40:10.052849+00,"Imperial de calabaza, virola de acero y fleje de alpaca",true,"[""https://uicjdiexhsdgikgkpfxd.supabase.co/storage/v1/object/public/productos/1785706808480_IMG_1798.webp""]",IMPERIALES,0,38400,false
2b055025-4de8-4550-9c09-a7c0027b7f3c,Mate listo 750ml (autocebantes),33300,https://uicjdiexhsdgikgkpfxd.supabase.co/storage/v1/object/public/productos/1786643824730_IMG_2327.jpeg,TERMOS,10,false,2026-08-13 17:57:07.567365+00,"Mate listo 2 en 1  750ml, se hace mate y termo. Ideal para la comodidad donde lo podes llevar a todos lados",false,[],,0,26000,true
2db9760f-7b41-4047-b04d-d58a58e187a3,Imperial,48000,https://uicjdiexhsdgikgkpfxd.supabase.co/storage/v1/object/public/productos/1786314220729_IMG_2006.jpeg,MATES,2,false,2026-08-09 22:23:43.255075+00,"Imperial de calabaza, virola de acero y fleje de alpaca con dije de sol de mayo de bronce",true,[],IMPERIALES,0,38000,false
2f7e77e6-d711-4f9e-bdac-81e977880956,Bombillon liso,7300,https://uicjdiexhsdgikgkpfxd.supabase.co/storage/v1/object/public/productos/1786236630149_IMG_2188.jpeg,BOMBILLAS,10,false,2026-08-09 00:50:32.935739+00,"Bombillon acero inoxidable ",false,"[""https://uicjdiexhsdgikgkpfxd.supabase.co/storage/v1/object/public/productos/1786236631749_IMG_2187.jpeg""]",CLASICAS,0,5850,false
2f977ee3-3f4f-4ec3-b29f-71bd99ceaffa,Yerbera de gamuza,10500,https://uicjdiexhsdgikgkpfxd.supabase.co/storage/v1/object/public/productos/IMG_0794.webp,Accesorios,8,false,2026-07-28 17:35:51.577674+00,,false,"[""https://uicjdiexhsdgikgkpfxd.supabase.co/storage/v1/object/public/productos/IMG_0797.webp"", ""https://uicjdiexhsdgikgkpfxd.supabase.co/storage/v1/object/public/productos/IMG_0796.webp"", ""https://uicjdiexhsdgikgkpfxd.supabase.co/storage/v1/object/public/productos/IMG_1844.webp""]",,0,8500,false
3682c72a-aef4-4ed0-a47e-2034ddc293c6,Imperial Natural,40000,https://uicjdiexhsdgikgkpfxd.supabase.co/storage/v1/object/public/productos/1785377322213_IMG_1732.webp,MATES,1,false,2026-07-30 02:08:44.483383+00,"Imperial premium de calabaza,virola y base de alpaca cincelada, cuero natural",false,"[""https://uicjdiexhsdgikgkpfxd.supabase.co/storage/v1/object/public/productos/IMG_1733.webp""]",IMPERIALES,0,32000,false
39e285b4-9620-49e6-a58f-c99e9441aaf2,Termo simil Stanley,38000,https://uicjdiexhsdgikgkpfxd.supabase.co/storage/v1/object/public/productos/1785706433301_IMG_1840.webp,TERMOS,1,false,2026-08-02 21:33:55.550047+00,"Termo simil Stanley, capacidad 1.2lts con pico cebador",false,[],STANLEY,0,30000,false
3ac761d8-2706-4590-8d87-a17ca898c49f,Ranchero Algarrobo,32000,https://uicjdiexhsdgikgkpfxd.supabase.co/storage/v1/object/public/productos/1785273365960_IMG_0661.webp,MATES,1,false,2026-07-28 21:16:09.761448+00,Ranchero de algarrobo con dije sol de mayo de bronce,false,[],ALGARROBOS,0,25500,false
3b63cf58-4188-455e-b78c-1bcb1de3ca6c,Imperial negro,32000,https://uicjdiexhsdgikgkpfxd.supabase.co/storage/v1/object/public/productos/1785377733444_IMG_1696.webp,Mates,4,false,2026-07-30 02:15:35.816762+00,"Mate imperial de calabaza,virola y guarda de acero,cuero liso negro",false,[],Imperiales,0,25500,false
3c3cc380-d798-496a-ad6b-1255bd2c18e8,Imperial algarrobo,26700,https://uicjdiexhsdgikgkpfxd.supabase.co/storage/v1/object/public/productos/1786310870526_IMG_2124.jpeg,MATES,1,false,2026-08-09 21:27:55.717228+00,Imperial algarrobo laqueado,true,"[""https://uicjdiexhsdgikgkpfxd.supabase.co/storage/v1/object/public/productos/1786310873042_IMG_2125.jpeg"", ""https://uicjdiexhsdgikgkpfxd.supabase.co/storage/v1/object/public/productos/1786310873765_IMG_2126.jpeg""]",ALGARROBOS,0,21300,false
3e74adae-41fe-4472-9fc2-2bfc1b3610bd,Kit latas de afa,10000,https://uicjdiexhsdgikgkpfxd.supabase.co/storage/v1/object/public/productos/1786309972073_IMG_2156.jpeg,ACCESORIOS,1,false,2026-08-09 21:12:56.687448+00,,false,"[""https://uicjdiexhsdgikgkpfxd.supabase.co/storage/v1/object/public/productos/1786309974872_IMG_2159.jpeg""]",,0,8000,false
4425b4bc-677c-43cc-a0ed-7f34b039c5f3,Torpedo Premium,56000,https://uicjdiexhsdgikgkpfxd.supabase.co/storage/v1/object/public/productos/1785559731482_IMG_1689.webp,MATES,1,false,2026-08-01 04:48:54.399261+00,"Torpedo premium de calabaza,virola de alpaca cincelada,base completa de alpaca y cuero repujado marron",false,"[""https://uicjdiexhsdgikgkpfxd.supabase.co/storage/v1/object/public/productos/1785559732960_IMG_1691.webp""]",TORPEDOS,0,44500,true
44de3b9f-d5d9-4b5c-a340-eaaee68c207f,Termo media manija  negro 1lts,26500,https://uicjdiexhsdgikgkpfxd.supabase.co/storage/v1/object/public/productos/1785706592110_IMG_1835.webp,TERMOS,4,false,2026-08-02 21:36:34.624689+00,Termo de media manija de acero inoxidable de 1lts,true,"[""https://uicjdiexhsdgikgkpfxd.supabase.co/storage/v1/object/public/productos/1785706593036_IMG_1836.webp""]",ACERO INOXIDABLE,0,21300,false
46d0e0f0-128a-41fb-b92d-c3e82ded4529,Reí verde Premium x1kg,15730,https://uicjdiexhsdgikgkpfxd.supabase.co/storage/v1/object/public/productos/IMG_0790.webp,YERBAS,3,false,2026-07-28 17:37:58.515938+00,,false,[],REI VERDE,0,12500,false
484b2172-61d8-481c-9886-b8371639d743,Canasta eco cuero pelota,21300,https://uicjdiexhsdgikgkpfxd.supabase.co/storage/v1/object/public/productos/1786241341589_IMG_2189.jpeg,CANASTAS,3,false,2026-08-09 02:09:07.581712+00,,false,"[""https://uicjdiexhsdgikgkpfxd.supabase.co/storage/v1/object/public/productos/1786241344088_IMG_2190.jpeg""]",ECOCUERO,0,17050,false
48709ddf-e2c3-4ff1-b525-0f82df785ade,Torpedo Premium,48000,https://uicjdiexhsdgikgkpfxd.supabase.co/storage/v1/object/public/productos/1785559974024_IMG_1719.webp,MATES,1,false,2026-08-01 04:52:56.304441+00,"Torpedo premium de calabaza,virola cincelada de alpaca,base de alpaca y bronce",false,"[""https://uicjdiexhsdgikgkpfxd.supabase.co/storage/v1/object/public/productos/1785559974931_IMG_1720.webp""]",TORPEDOS,0,38000,false
54edf493-8bda-4fc7-b807-35495722f873,Imperial,32000,https://uicjdiexhsdgikgkpfxd.supabase.co/storage/v1/object/public/productos/1786313978074_IMG_2035.jpeg,MATES,3,false,2026-08-09 22:19:43.740608+00,"Imperial de calabaza, Rioja de acero",true,"[""https://uicjdiexhsdgikgkpfxd.supabase.co/storage/v1/object/public/productos/1786313980988_IMG_2036.jpeg"", ""https://uicjdiexhsdgikgkpfxd.supabase.co/storage/v1/object/public/productos/1786313981792_IMG_2037.jpeg"", ""https://uicjdiexhsdgikgkpfxd.supabase.co/storage/v1/object/public/productos/1786313982508_IMG_2038.jpeg""]",IMPERIALES,0,25500,false
587b75a4-c3f6-4741-a121-561c748abc99,Canasta Cuero,42500,https://uicjdiexhsdgikgkpfxd.supabase.co/storage/v1/object/public/productos/1785707486526_IMG_1831.webp,Canastas,1,false,2026-08-02 21:51:29.439028+00,,false,"[""https://uicjdiexhsdgikgkpfxd.supabase.co/storage/v1/object/public/productos/1785707487690_IMG_1832.webp""]",,0,34000,true
588e5643-0512-4aea-8603-09ad85b2beb2,Imperial Premium,53000,https://uicjdiexhsdgikgkpfxd.supabase.co/storage/v1/object/public/productos/1785706264653_IMG_1780.webp,MATES,2,false,2026-08-02 21:31:07.755104+00,"Imperial de calabaza, virola y base de alpaca con pelotita de bronce",true,"[""https://uicjdiexhsdgikgkpfxd.supabase.co/storage/v1/object/public/productos/1785706265946_IMG_1781.webp""]",IMPERIALES,0,42500,false
5b21ac86-3053-4c68-b962-c235a96ebe90,Canasta de cuero,53300,https://uicjdiexhsdgikgkpfxd.supabase.co/storage/v1/object/public/productos/1785560365648_IMG_0767.webp,Canastas,1,false,2026-08-01 04:59:28.211757+00,Canasta de cuero reforzado,false,"[""https://uicjdiexhsdgikgkpfxd.supabase.co/storage/v1/object/public/productos/1785560367234_IMG_0768.webp""]",,0,42650,false
5b48813c-e331-49b8-8f41-ffe6f03bcfff,Bombillon cincelado,8000,https://uicjdiexhsdgikgkpfxd.supabase.co/storage/v1/object/public/productos/1786236526118_IMG_2185.jpeg,BOMBILLAS,15,false,2026-08-09 00:48:51.10169+00,,false,"[""https://uicjdiexhsdgikgkpfxd.supabase.co/storage/v1/object/public/productos/1786236528496_IMG_2184.jpeg"", ""https://uicjdiexhsdgikgkpfxd.supabase.co/storage/v1/object/public/productos/1786236529874_IMG_2183.jpeg""]",CLASICAS,0,6400,false
5bf6ad8e-4138-4c7e-97b3-903dc3b0da62,Torpedo Criollo,46500,https://uicjdiexhsdgikgkpfxd.supabase.co/storage/v1/object/public/productos/1785707404702_IMG_1827.webp,Mates,1,false,2026-08-02 21:50:07.784652+00,,false,"[""https://uicjdiexhsdgikgkpfxd.supabase.co/storage/v1/object/public/productos/1785707405832_IMG_1826.webp"", ""https://uicjdiexhsdgikgkpfxd.supabase.co/storage/v1/object/public/productos/1785707406176_IMG_1828.webp""]",Torpedos,0,37000,false
5cfc9e2b-886f-4a35-bb97-f967396ecd19,Kit de lats,9300,https://uicjdiexhsdgikgkpfxd.supabase.co/storage/v1/object/public/productos/1786310076320_IMG_2160.jpeg,ACCESORIOS,10,false,2026-08-09 21:14:38.824839+00,,false,[],,0,7450,false
60d2c161-4d8e-4d08-9a99-edb002417b4d,Imperial  roma,44000,https://uicjdiexhsdgikgkpfxd.supabase.co/storage/v1/object/public/productos/1786313210527_IMG_2096.jpeg,MATES,1,false,2026-08-09 22:06:54.227458+00,"Imperial Roma de calabaza, virola y base de alpaca",true,"[""https://uicjdiexhsdgikgkpfxd.supabase.co/storage/v1/object/public/productos/1786313212740_IMG_2097.jpeg""]",IMPERIALES,0,35200,false
631cd107-f6f4-4fb8-944e-ae44fd9618f7,Imperial Marrón,24000,https://uicjdiexhsdgikgkpfxd.supabase.co/storage/v1/object/public/productos/1785376979086_IMG_1700.webp,Mates,10,true,2026-07-30 02:03:01.323156+00,"Mate imperial de calabaza,virola y guarda de acero, cuero liso marrón",false,"[""https://uicjdiexhsdgikgkpfxd.supabase.co/storage/v1/object/public/productos/IMG_1701.webp""]",Imperiales,0,,false
663215e2-4749-40fd-ab95-2661ba24c804,Torpedo Premium,52500,https://uicjdiexhsdgikgkpfxd.supabase.co/storage/v1/object/public/productos/1785560039353_IMG_1728.webp,MATES,1,false,2026-08-01 04:54:01.26001+00,"Torpedo premium de calabaza,virola y base de alpaca y bronce,doble anillo bronce,virola cincelado",false,"[""https://uicjdiexhsdgikgkpfxd.supabase.co/storage/v1/object/public/productos/1785560040535_IMG_1729.webp""]",TORPEDOS,0,42100,false
6c2ceed8-4565-4953-8cee-f3b476a0b16b,Imperial borravino,48000,https://uicjdiexhsdgikgkpfxd.supabase.co/storage/v1/object/public/productos/1785261581656_IMG_0687.webp,MATES,2,false,2026-07-28 17:59:44.404657+00,"Imperial de calabaza, virola de alpaca,cuero liso borravino",true,[],IMPERIALES,0,38400,false
6ca5fc14-118b-4a19-8b96-336258163600,Imperial Sol de Mayo,48000,https://uicjdiexhsdgikgkpfxd.supabase.co/storage/v1/object/public/productos/1785707117069_IMG_1817.webp,MATES,2,false,2026-08-02 21:45:20.024232+00,"Imperial de calabaza, virola de bronce con dije de sol de mayo de bronce",true,"[""https://uicjdiexhsdgikgkpfxd.supabase.co/storage/v1/object/public/productos/1785707117970_IMG_1818.webp""]",IMPERIALES,0,38000,false
710494a5-628f-4479-bddb-65c96f604808,Reí verde x500g,7300,https://uicjdiexhsdgikgkpfxd.supabase.co/storage/v1/object/public/productos/1786319236184_IMG_0770.jpeg,YERBAS,3,false,2026-08-09 23:47:18.665621+00,,false,[],,0,5850,false
72363705-f28e-4d3e-b5cc-e9cea3864597,Bombillon premium,38500,https://uicjdiexhsdgikgkpfxd.supabase.co/storage/v1/object/public/productos/1786241583329_IMG_2173.jpeg,BOMBILLONES,1,false,2026-08-09 02:13:07.728389+00,"Bombillon de alpaca y bronce ",false,"[""https://uicjdiexhsdgikgkpfxd.supabase.co/storage/v1/object/public/productos/1786241585577_IMG_2172.jpeg"", ""https://uicjdiexhsdgikgkpfxd.supabase.co/storage/v1/object/public/productos/1786241586444_IMG_2171.jpeg""]",ALPACA,0,30900,false
757e1bd1-4ede-4cb5-9c69-9fe2bb202a65,Imperial,48000,https://uicjdiexhsdgikgkpfxd.supabase.co/storage/v1/object/public/productos/1786314120406_IMG_2029.jpeg,MATES,1,false,2026-08-09 22:22:06.392933+00,"Imperial de calabaza, virola y base de alpaca",true,"[""https://uicjdiexhsdgikgkpfxd.supabase.co/storage/v1/object/public/productos/1786314123216_IMG_2030.jpeg"", ""https://uicjdiexhsdgikgkpfxd.supabase.co/storage/v1/object/public/productos/1786314124950_IMG_2031.jpeg""]",IMPERIALES,0,38400,false
7a09d7ba-bc55-432c-a143-e6df137e470b,Imperial borravino,34500,https://uicjdiexhsdgikgkpfxd.supabase.co/storage/v1/object/public/productos/1785377810812_IMG_1700.webp,MATES,1,false,2026-07-30 02:16:52.759454+00,"Imperial de calabaza,virola de alpaca y cuero borravino liso",true,"[""https://uicjdiexhsdgikgkpfxd.supabase.co/storage/v1/object/public/productos/IMG_1727.webp""]",IMPERIALES,0,27500,false
7a20dabd-d5b8-4920-987e-66b72e6bf4fc,Torpedo Uruguayo,38500,https://uicjdiexhsdgikgkpfxd.supabase.co/storage/v1/object/public/productos/1785559890136_IMG_1717.webp,MATES,1,false,2026-08-01 04:51:32.240598+00,"Torpedo de calabaza,virola uruguaya,cuero liso marron claro",false,"[""https://uicjdiexhsdgikgkpfxd.supabase.co/storage/v1/object/public/productos/1785559891259_IMG_1718.webp""]",TORPEDOS,0,30500,false
87d440c3-ea1c-46ff-a82b-56b2fec31cab,Imperial,32000,https://uicjdiexhsdgikgkpfxd.supabase.co/storage/v1/object/public/productos/1786313610915_IMG_2064.jpeg,MATES,1,false,2026-08-09 22:13:34.593736+00,"Imperial de calabaza, virola de acero",true,"[""https://uicjdiexhsdgikgkpfxd.supabase.co/storage/v1/object/public/productos/1786313613122_IMG_2065.jpeg""]",IMPERIALES,0,25600,false
88fef8ff-69cb-4e6f-a5cd-6b1c212ae562,Camionero criollo,26600,https://uicjdiexhsdgikgkpfxd.supabase.co/storage/v1/object/public/productos/1786315372825_IMG_2070.jpeg,MATES,2,false,2026-08-09 22:42:56.97219+00,Camionero criollo con base de cuero,false,"[""https://uicjdiexhsdgikgkpfxd.supabase.co/storage/v1/object/public/productos/1786315375421_IMG_2069.jpeg""]",CAMIONEROS,0,21300,false
89f3aa2c-44ba-433c-9097-ae427e1accd9,Camionero,25000,https://uicjdiexhsdgikgkpfxd.supabase.co/storage/v1/object/public/productos/1785560087192_IMG_1730.webp,MATES,1,false,2026-08-01 04:54:48.374787+00,"Camionero de calabaza,virola de acero y cuero liso negro",true,"[""https://uicjdiexhsdgikgkpfxd.supabase.co/storage/v1/object/public/productos/1785560087641_IMG_1731.webp""]",CAMIONEROS,0,20000,false
8bbd487f-170f-4887-8d28-fd6b5ec61a2a,Bombillon,36000,https://uicjdiexhsdgikgkpfxd.supabase.co/storage/v1/object/public/productos/1786241747263_IMG_2176.jpeg,BOMBILLONES,1,false,2026-08-09 02:15:52.084116+00,De alpaca y bronce,false,"[""https://uicjdiexhsdgikgkpfxd.supabase.co/storage/v1/object/public/productos/1786241749694_IMG_2175.jpeg"", ""https://uicjdiexhsdgikgkpfxd.supabase.co/storage/v1/object/public/productos/1786241750450_IMG_2174.jpeg""]",,0,28800,false
90691db4-c9e6-47c4-9f0d-4389ffdbd217,Caja de presentación,12000,https://uicjdiexhsdgikgkpfxd.supabase.co/storage/v1/object/public/productos/1786319146714_IMG_1783.jpeg,ACCESORIOS,2,false,2026-08-09 23:45:51.905916+00,"Caja de presentación para tu mate y bombilla, ideal regalo",true,"[""https://uicjdiexhsdgikgkpfxd.supabase.co/storage/v1/object/public/productos/1786319149573_IMG_1785.jpeg"", ""https://uicjdiexhsdgikgkpfxd.supabase.co/storage/v1/object/public/productos/1786319150490_IMG_1784.jpeg""]",,0,9600,false
90953be0-ceda-4a26-b03c-0626b941f5d1,Imperial Premium,53000,https://uicjdiexhsdgikgkpfxd.supabase.co/storage/v1/object/public/productos/1785376787669_IMG_1724.webp,MATES,1,false,2026-07-30 01:59:49.981943+00,"Imperial premium de calabaza,virola y base de alpaca con pelotitas de bronce, cuero repujado borravino",true,"[""https://uicjdiexhsdgikgkpfxd.supabase.co/storage/v1/object/public/productos/IMG_1725.webp""]",IMPERIALES,0,42500,false
90b1978e-5901-4a38-80e7-47765be7877b,Imperial croco,44000,https://uicjdiexhsdgikgkpfxd.supabase.co/storage/v1/object/public/productos/1785560943369_IMG_0761.webp,MATES,1,false,2026-08-01 05:09:05.518298+00,"Imperial de calabaza,virola de alpaca y cuero croco negro",true,"[""https://uicjdiexhsdgikgkpfxd.supabase.co/storage/v1/object/public/productos/1785560944626_IMG_0760.webp""]",IMPERIALES,0,35000,false
92d13da3-4095-4d60-afa9-7cf167c72059,Bombillon,34500,https://uicjdiexhsdgikgkpfxd.supabase.co/storage/v1/object/public/productos/1786241855555_IMG_2164.jpeg,BOMBILLONES,1,false,2026-08-09 02:17:38.785677+00,De alpaca y bronce,false,"[""https://uicjdiexhsdgikgkpfxd.supabase.co/storage/v1/object/public/productos/1786241857407_IMG_2163.jpeg""]",ALPACA,0,27500,false
95545df0-4fe5-4055-b3c5-2f6a6abccd28,Torpedo gajo borravino,51000,https://uicjdiexhsdgikgkpfxd.supabase.co/storage/v1/object/public/productos/1785376437241_IMG_1707.webp,MATES,1,false,2026-07-30 01:53:59.88437+00,"Torpedo de calabaza, virola de alpaca , base de alpaca y cuero gajo borravino",false,"[""https://uicjdiexhsdgikgkpfxd.supabase.co/storage/v1/object/public/productos/IMG_1709.webp"", ""https://uicjdiexhsdgikgkpfxd.supabase.co/storage/v1/object/public/productos/IMG_1708.webp""]",TORPEDOS,0,41000,false
9bff1e0c-2bc8-48b5-a164-f0a1f8bbf7b4,Torpedo Premium,56000,https://uicjdiexhsdgikgkpfxd.supabase.co/storage/v1/object/public/productos/1785559611225_IMG_1685.webp,Mates,1,false,2026-08-01 04:46:53.351221+00,"Torpedo premium de calabaza,virola cincelada y base de alpaca con anillo de bronce,cuero repujado marron",false,"[""https://uicjdiexhsdgikgkpfxd.supabase.co/storage/v1/object/public/productos/1785559612572_IMG_1688.webp""]",Torpedos,0,44800,false
9e1c8cf5-c18e-4b73-a474-0d7872ac699e,Imperial Pampa AFA,15900,https://uicjdiexhsdgikgkpfxd.supabase.co/storage/v1/object/public/productos/1785707295421_IMG_1822.webp,Mates,1,true,2026-08-02 21:48:17.909191+00,Imperial Pampa de PVC reforzado,false,"[""https://uicjdiexhsdgikgkpfxd.supabase.co/storage/v1/object/public/productos/1785707296363_IMG_1823.webp""]",Imperiales,0,,false
a30c44b7-5f0b-4122-b155-fbbd74285e08,Reí verde Premium x500gr,9300,https://uicjdiexhsdgikgkpfxd.supabase.co/storage/v1/object/public/productos/1785260672864_IMG_0772.webp,YERBAS,3,false,2026-07-28 17:44:36.738085+00,,false,[],REI VERDE,0,7450,false
a3f16a3e-7cd8-4f8d-a59f-90cc9e83b96f,Imperial Amaderado,42600,https://uicjdiexhsdgikgkpfxd.supabase.co/storage/v1/object/public/productos/1785274027024_IMG_0720.webp,MATES,1,false,2026-07-28 21:27:10.821249+00,"Imperial de calabaza,virola de alpaca y cuero amaderado",true,[],IMPERIALES,0,37280,false
a633302a-8832-431c-a1b6-95d7751afb11,Canasta eco cuero,19300,https://uicjdiexhsdgikgkpfxd.supabase.co/storage/v1/object/public/productos/1786237644238_IMG_2193.jpeg,CANASTAS,2,false,2026-08-09 01:07:28.531184+00,,false,"[""https://uicjdiexhsdgikgkpfxd.supabase.co/storage/v1/object/public/productos/1786237646399_IMG_2195.jpeg"", ""https://uicjdiexhsdgikgkpfxd.supabase.co/storage/v1/object/public/productos/1786237647220_IMG_2196.jpeg""]",ECOCUERO,0,15450,false
a7cc56a5-f82b-4dc2-82d2-18ac0f7018d3,Canasta de cuero,42500,https://uicjdiexhsdgikgkpfxd.supabase.co/storage/v1/object/public/productos/1786236961298_IMG_2217.jpeg,CANASTAS,1,false,2026-08-09 00:56:05.820055+00,,false,"[""https://uicjdiexhsdgikgkpfxd.supabase.co/storage/v1/object/public/productos/1786236963570_IMG_2218.jpeg"", ""https://uicjdiexhsdgikgkpfxd.supabase.co/storage/v1/object/public/productos/1786236964402_IMG_2219.jpeg""]",CUERO,0,34100,false
abc34348-ab94-44fd-86eb-d04357971d1a,Imperial algarrobo,28000,https://uicjdiexhsdgikgkpfxd.supabase.co/storage/v1/object/public/productos/1786315274599_IMG_2132.jpeg,MATES,2,false,2026-08-09 22:41:18.17493+00,"Imperial de algarrobo, virola de alpaca",true,"[""https://uicjdiexhsdgikgkpfxd.supabase.co/storage/v1/object/public/productos/1786315276708_IMG_2133.jpeg""]",ALGARROBOS,0,22400,false
adc9711e-4bc3-4250-903f-005448bf487e,Canasta de cuero afa,42500,https://uicjdiexhsdgikgkpfxd.supabase.co/storage/v1/object/public/productos/1786237133729_IMG_2205.jpeg,CANASTAS,1,false,2026-08-09 00:58:57.114225+00,,false,"[""https://uicjdiexhsdgikgkpfxd.supabase.co/storage/v1/object/public/productos/1786237135898_IMG_2207.jpeg""]",CUERO,0,34100,false
b1698684-ba00-4c3c-a531-3541ea2b6a2a,Imperial,38600,https://uicjdiexhsdgikgkpfxd.supabase.co/storage/v1/object/public/productos/1786313770874_IMG_2051.jpeg,MATES,1,false,2026-08-09 22:16:19.937441+00,"Imperial de calabaza, virola de Alpaca cincelada",false,"[""https://uicjdiexhsdgikgkpfxd.supabase.co/storage/v1/object/public/productos/1786313773422_IMG_2052.jpeg"", ""https://uicjdiexhsdgikgkpfxd.supabase.co/storage/v1/object/public/productos/1786313775354_IMG_2053.jpeg"", ""https://uicjdiexhsdgikgkpfxd.supabase.co/storage/v1/object/public/productos/1786313777300_IMG_2054.jpeg""]",IMPERIALES,0,30900,false
b18a4f66-402e-42be-8dcf-96f2c8a847b3,Canarias edicion especial x500gr,10000,https://uicjdiexhsdgikgkpfxd.supabase.co/storage/v1/object/public/productos/IMG_0771.webp,YERBAS,3,false,2026-07-28 17:52:10.870277+00,,false,[],CANARIAS,0,8000,false
b38f6482-096a-47a1-af8a-0cd564451205,Imperial repujado,44000,https://uicjdiexhsdgikgkpfxd.supabase.co/storage/v1/object/public/productos/1785260378409_IMG_0670.webp,MATES,2,false,2026-07-28 17:39:41.706589+00,"Imperial de calabaza ",true,[],IMPERIALES,0,35200,true
bbdb54e9-afc6-48a5-aa20-7e40b2f73a69,Imperial Rosa,37000,https://uicjdiexhsdgikgkpfxd.supabase.co/storage/v1/object/public/productos/1785706867917_IMG_1801.webp,MATES,1,false,2026-08-02 21:41:10.488918+00,"Imperial de calabaza, virola de acero",true,"[""https://uicjdiexhsdgikgkpfxd.supabase.co/storage/v1/object/public/productos/1785706868863_IMG_1803.webp""]",IMPERIALES,0,29850,false
bcfdb03a-cf45-45c1-820f-65f820c837cf,Imperial base de alpaca,48000,https://uicjdiexhsdgikgkpfxd.supabase.co/storage/v1/object/public/productos/1785440413182_IMG_0695.webp,MATES,2,false,2026-07-30 19:40:17.471191+00,"Imperial de calabaza,virola y base de alpaca y cuero liso negro",true,[],IMPERIALES,0,38000,false
beb59441-8d7e-4ec1-aceb-63545cd796bc,Imperial Gajo,50500,https://uicjdiexhsdgikgkpfxd.supabase.co/storage/v1/object/public/productos/1785261237063_IMG_0730.webp,MATES,3,false,2026-07-28 17:54:00.485812+00,"Imperial de calabaza, virola de alpaca y cuero gajo negro",true,"[""https://uicjdiexhsdgikgkpfxd.supabase.co/storage/v1/object/public/productos/IMG_0728.webp""]",IMPERIALES,0,40500,false
c34a2761-7960-4f75-98fe-d9137b86ed2f,Canasta Eco cuero,21333,https://uicjdiexhsdgikgkpfxd.supabase.co/storage/v1/object/public/productos/1785260563504_IMG_0766.webp,Canastas,1,false,2026-07-28 17:42:47.00916+00,,false,"[""https://uicjdiexhsdgikgkpfxd.supabase.co/storage/v1/object/public/productos/IMG_0791.webp""]",,0,17050,false
c48a725e-a811-4ce3-9d04-246a49dc099c,Reí verde x500gr,8000,https://uicjdiexhsdgikgkpfxd.supabase.co/storage/v1/object/public/productos/1785273894751_IMG_0770.webp,Yerbas,3,false,2026-07-28 21:24:58.344426+00,,false,[],,0,6400,false
c59195ab-48fe-4f2f-b5fd-d9672be29c0f,Canarias x1kg,15300,https://uicjdiexhsdgikgkpfxd.supabase.co/storage/v1/object/public/productos/1785273684136_IMG_0781.webp,YERBAS,3,false,2026-07-28 21:21:27.645264+00,,false,[],CANARIAS,0,12250,false
c6948a10-b605-4144-992b-7a01cfff9c80,Bombillon premium gaucho,41300,https://uicjdiexhsdgikgkpfxd.supabase.co/storage/v1/object/public/productos/1786241475348_IMG_2179.jpeg,BOMBILLONES,1,false,2026-08-09 02:11:21.487154+00,Bombillon de acero y bronce,false,"[""https://uicjdiexhsdgikgkpfxd.supabase.co/storage/v1/object/public/productos/1786241478160_IMG_2178.jpeg"", ""https://uicjdiexhsdgikgkpfxd.supabase.co/storage/v1/object/public/productos/1786241479742_IMG_2177.jpeg""]",STANDARD,0,33050,false
c6a41eb3-bcd9-49b1-b7af-5f22e5819db6,Imperial,45300,https://uicjdiexhsdgikgkpfxd.supabase.co/storage/v1/object/public/productos/1786314381121_IMG_1978.jpeg,MATES,1,false,2026-08-09 22:26:26.964348+00,"Imperial cuero crudo, virola y base de alpaca, costura trenzada",true,"[""https://uicjdiexhsdgikgkpfxd.supabase.co/storage/v1/object/public/productos/1786314383697_IMG_1980.jpeg"", ""https://uicjdiexhsdgikgkpfxd.supabase.co/storage/v1/object/public/productos/1786314384533_IMG_1979.jpeg""]",IMPERIALES,0,36200,false
c8c0b6ea-a4ec-42e1-8be5-195ca8be8492,Imperial Roma Borravino,50500,https://uicjdiexhsdgikgkpfxd.supabase.co/storage/v1/object/public/productos/1785706944861_IMG_1806.webp,MATES,1,false,2026-08-02 21:42:27.850041+00,"Imperial de calabaza, virola de alpaca, base de alpaca cincelada",true,"[""https://uicjdiexhsdgikgkpfxd.supabase.co/storage/v1/object/public/productos/1785706945857_IMG_1807.webp"", ""https://uicjdiexhsdgikgkpfxd.supabase.co/storage/v1/object/public/productos/1785706946195_IMG_1808.webp""]",IMPERIALES,0,40500,true
c8e3da2f-f861-4e74-ae4d-97048a2831f7,Torpedo Uruguayo,52000,https://uicjdiexhsdgikgkpfxd.supabase.co/storage/v1/object/public/productos/1785707202085_IMG_1810.webp,MATES,1,false,2026-08-02 21:46:45.18878+00,"Torpedo de calabaza, virola uruguaya cincelada de alpaca",false,"[""https://uicjdiexhsdgikgkpfxd.supabase.co/storage/v1/object/public/productos/1785707203631_IMG_1811.webp""]",TORPEDOS,0,41500,true
cba1ed0d-99fb-400e-b7e0-3d5b7ee3a5f2,Termo system 1.2lts,40000,https://uicjdiexhsdgikgkpfxd.supabase.co/storage/v1/object/public/productos/1785706375933_IMG_1842.webp,TERMOS,2,false,2026-08-02 21:32:58.646538+00,Termo System de 1.2lts con pico cebador system,false,"[""https://uicjdiexhsdgikgkpfxd.supabase.co/storage/v1/object/public/productos/1785706376903_IMG_1843.webp""]",STANLEY,0,32000,false
cd7da426-49a3-49f8-b87e-748bd70f70dc,Canasta eco cuero Animal Print,21300,https://uicjdiexhsdgikgkpfxd.supabase.co/storage/v1/object/public/productos/1785261176847_IMG_0764.webp,Canastas,4,false,2026-07-28 17:53:00.384239+00,,false,[],,0,17000,false
cffe216c-e9f5-4dbe-92ce-d789e1763f5e,Canarias edicion especial x1kg,16500,https://uicjdiexhsdgikgkpfxd.supabase.co/storage/v1/object/public/productos/1785273838831_IMG_0778.webp,YERBAS,3,false,2026-07-28 21:24:02.779331+00,,false,[],CANARIAS,0,13300,false
d06f9efa-7b11-4632-9ee9-23d89a47e72f,Imperial,34500,https://uicjdiexhsdgikgkpfxd.supabase.co/storage/v1/object/public/productos/1786311482431_IMG_2090.jpeg,MATES,1,false,2026-08-09 21:38:07.398625+00,"Imperial de calabaza ",true,"[""https://uicjdiexhsdgikgkpfxd.supabase.co/storage/v1/object/public/productos/1786311485185_IMG_2091.jpeg"", ""https://uicjdiexhsdgikgkpfxd.supabase.co/storage/v1/object/public/productos/1786311486007_IMG_2092.jpeg""]",IMPERIALES,0,27700,false
d41789a4-179a-4401-a548-13f06370e56d,Imperial Algarrobo,26500,https://uicjdiexhsdgikgkpfxd.supabase.co/storage/v1/object/public/productos/1785707236877_IMG_1819.webp,Mates,2,false,2026-08-02 21:47:19.006+00,Virola de acero,true,[],Algarrobos,0,21300,false
d51f659e-1cf4-4683-92a8-cde9fc36c5eb,Torpedo,40000,https://uicjdiexhsdgikgkpfxd.supabase.co/storage/v1/object/public/productos/1786314646287_IMG_2073.jpeg,MATES,1,false,2026-08-09 22:30:52.049122+00,"Torpedo de calabaza, virola y base de alpaca ",false,"[""https://uicjdiexhsdgikgkpfxd.supabase.co/storage/v1/object/public/productos/1786314649231_IMG_2074.jpeg"", ""https://uicjdiexhsdgikgkpfxd.supabase.co/storage/v1/object/public/productos/1786314650671_IMG_2075.jpeg""]",TORPEDOS,0,32000,false
da9f4c8d-52ca-4275-a337-603fa7c12bcc,Imperial premium,54600,https://uicjdiexhsdgikgkpfxd.supabase.co/storage/v1/object/public/productos/1786313327599_IMG_2086.jpeg,MATES,1,false,2026-08-09 22:08:52.49567+00,"Imperial de calabaza, virola y base de alpaca",true,"[""https://uicjdiexhsdgikgkpfxd.supabase.co/storage/v1/object/public/productos/1786313330362_IMG_2088.jpeg"", ""https://uicjdiexhsdgikgkpfxd.supabase.co/storage/v1/object/public/productos/1786313331144_IMG_2089.jpeg""]",IMPERIALES,0,43700,false
dab6e370-962c-4370-ac96-1dc5637a152a,Torpedo,46500,https://uicjdiexhsdgikgkpfxd.supabase.co/storage/v1/object/public/productos/1786314778216_IMG_2032.jpeg,MATES,1,false,2026-08-09 22:33:03.297386+00,"Torpedo de calabaza, virola de alpaca cincelada, cuero repujado",false,"[""https://uicjdiexhsdgikgkpfxd.supabase.co/storage/v1/object/public/productos/1786314780807_IMG_2033.jpeg"", ""https://uicjdiexhsdgikgkpfxd.supabase.co/storage/v1/object/public/productos/1786314781946_IMG_2034.jpeg""]",TORPEDOS,0,37300,false
dbf737fa-fe06-4246-adba-4526b9274be7,Imperial de algarrobo,34600,https://uicjdiexhsdgikgkpfxd.supabase.co/storage/v1/object/public/productos/1786311082135_IMG_2127.jpeg,MATES,3,false,2026-08-09 21:31:27.592657+00,"Imperial algarrobo, virola de Alpaca con dije de bronce sol de mayo",true,"[""https://uicjdiexhsdgikgkpfxd.supabase.co/storage/v1/object/public/productos/1786311085216_IMG_2128.jpeg"", ""https://uicjdiexhsdgikgkpfxd.supabase.co/storage/v1/object/public/productos/1786311086141_IMG_2129.jpeg""]",ALGARROBOS,0,27700,true
dc10ceca-65eb-4cb5-bbf8-2174a073a2db,Torpedo,36000,https://uicjdiexhsdgikgkpfxd.supabase.co/storage/v1/object/public/productos/1786314521528_IMG_2130.jpeg,MATES,1,false,2026-08-09 22:28:45.345486+00,"Torpedo de calabaza animal print, virola de alpaca cincelada ",false,"[""https://uicjdiexhsdgikgkpfxd.supabase.co/storage/v1/object/public/productos/1786314524067_IMG_2131.jpeg""]",TORPEDOS,0,28800,false
de5f50d2-10e1-4848-a6fe-86860ce47b5f,Termo media manija 1lt,28500,https://uicjdiexhsdgikgkpfxd.supabase.co/storage/v1/object/public/productos/IMG_1833.webp,TERMOS,10,false,2026-07-28 21:11:49.615748+00,Total black,true,"[""https://uicjdiexhsdgikgkpfxd.supabase.co/storage/v1/object/public/productos/IMG_1834.webp""]",ACERO INOXIDABLE,0,22900,false
e043172c-ab65-438d-b631-0175c4a85021,Imperial premium,53300,https://uicjdiexhsdgikgkpfxd.supabase.co/storage/v1/object/public/productos/1785261630480_IMG_0734.webp,MATES,1,false,2026-07-28 18:00:33.425644+00,"Imperial premium de calabaza, virola de acero y fleje de alpaca, cuero repujado con base de alpaca y pelotitas de bronce",true,"[""https://uicjdiexhsdgikgkpfxd.supabase.co/storage/v1/object/public/productos/IMG_0734.webp""]",IMPERIALES,0,42640,false
e439d498-3236-4b17-b1d3-47557937ce41,Reí verde x1kg,14000,https://uicjdiexhsdgikgkpfxd.supabase.co/storage/v1/object/public/productos/1785273775448_IMG_0777.webp,YERBAS,3,false,2026-07-28 21:22:59.361696+00,,false,[],REI VERDE,0,11200,false
e66f5b0a-175d-4ec7-b681-20f4729ace44,Bombilla pico loro cincelada,7300,https://uicjdiexhsdgikgkpfxd.supabase.co/storage/v1/object/public/productos/1786236303819_IMG_2182.jpeg,BOMBILLAS,20,false,2026-08-09 00:45:07.288734+00,,false,"[""https://uicjdiexhsdgikgkpfxd.supabase.co/storage/v1/object/public/productos/1786236305151_IMG_2181.jpeg"", ""https://uicjdiexhsdgikgkpfxd.supabase.co/storage/v1/object/public/productos/1786236305922_IMG_2180.jpeg""]",PICOS DE LORO,0,5850,false
e807859f-9ae2-402d-a8de-0899893b4d2a,Imperial Croco Borravino,40000,https://uicjdiexhsdgikgkpfxd.supabase.co/storage/v1/object/public/productos/1785706753037_IMG_1795.webp,MATES,1,false,2026-08-02 21:39:15.746255+00,"Imperial de calabaza , virola y base de alpaca, cuero croco borravino",true,"[""https://uicjdiexhsdgikgkpfxd.supabase.co/storage/v1/object/public/productos/1785706754192_IMG_1796.webp""]",IMPERIALES,0,32000,true
ec56c388-1715-4896-b4a5-88e82902f93b,Torpedo,36000,https://uicjdiexhsdgikgkpfxd.supabase.co/storage/v1/object/public/productos/1785559816872_IMG_1699.webp,Mates,1,false,2026-08-01 04:50:18.361013+00,"Torpedo de calabaza,virola de bronce,cuero borravino",false,[],Torpedos,0,28500,false
f075aff3-1422-48e9-b05c-bad32cc653d1,Imperial BOCA,44000,https://uicjdiexhsdgikgkpfxd.supabase.co/storage/v1/object/public/productos/1785273507007_IMG_0711.webp,MATES,1,false,2026-07-28 21:18:30.700888+00,"Imperial de calabaza,virola de bronce con dije de Boca Junior de bronce,cuero liso azul",false,[],IMPERIALES,0,35200,false
f96c8740-fd9d-45b8-b913-0e99c1c60dcb,Kit latas afa,10000,https://uicjdiexhsdgikgkpfxd.supabase.co/storage/v1/object/public/productos/1786309791596_IMG_2155.jpeg,ACCESORIOS,2,false,2026-08-09 21:09:57.307431+00,,false,"[""https://uicjdiexhsdgikgkpfxd.supabase.co/storage/v1/object/public/productos/1786309794475_IMG_2153.jpeg"", ""https://uicjdiexhsdgikgkpfxd.supabase.co/storage/v1/object/public/productos/1786309795484_IMG_2154.jpeg""]",,0,8000,false
f9d2708a-4c35-42db-a586-e8756ec1778d,Imperial Premium Borravino,53000,https://uicjdiexhsdgikgkpfxd.supabase.co/storage/v1/object/public/productos/1785707050125_IMG_1812.webp,Mates,1,false,2026-08-02 21:44:13.100595+00,"Imperial de calabaza, virola y base de alpaca con pelotita de bronce",true,"[""https://uicjdiexhsdgikgkpfxd.supabase.co/storage/v1/object/public/productos/1785707051273_IMG_1813.webp""]",Imperiales,0,42500,false
fe1aa943-ab82-4123-bf94-b792b573b6a7,Baldo x500gr,9300,https://uicjdiexhsdgikgkpfxd.supabase.co/storage/v1/object/public/productos/1785273622488_IMG_0779.webp,YERBAS,8,false,2026-07-28 21:20:26.038998+00,,false,[],BALDO,0,7450,false